<profile>
    <id>jdk-1.4</id>

    <activation>
        <jdk>1.4</jdk>
    </activation>

    <repositories>
        <repository>
            <id>nexus</id>
            <name>local private nexus</name>
            <url>http://maven.oschina.net/content/groups/public/</url>
            <releases>
                <enabled>true</enabled>
            </releases>
            <snapshots>
                <enabled>false</enabled>
            </snapshots>
        </repository>
    </repositories>
    <pluginRepositories>
        <pluginRepository>
            <id>nexus</id>
            <name>local private nexus</name>
            <url>http://maven.oschina.net/content/groups/public/</url>
            <releases>
                <enabled>true</enabled>
            </releases>
            <snapshots>
                <enabled>false</enabled>
            </snapshots>
        </pluginRepository>
    </pluginRepositories>
</profile>